Event number,time_start_sheath,time_end_sheath,time_start_plasmasheet,time_start_plasmasheet,smooth_turbulent,BL,dawndusk,Inbound,crossing_magnetopause,crossing_ps,comments,xgse,ygse,zgse,ygsm,zgsm,dist,mlt,l,bx_sheath_mean,bx_sheath_std,bx_ps_mean,bx_ps_std,by_gsm_sheath_mean,by_gsm_sheath_std,by_gsm_ps_mean,by_gsm_ps_std,bz_gsm_sheath_mean,bz_gsm_sheath_std,bz_gsm_ps_mean,bz_gsm_ps_std,h1_density_sheath_mean,h1_density_sheath_std,h1_density_ps_mean,h1_density_ps_std,he2_density_sheath_mean,he2_density_sheath_std,he2_density_ps_mean,he2_density_ps_std,mms_alpha_ratio_sheath_mean,mms_alpha_ratio_sheath_std,mms_alpha_ratio_ps_mean,mms_alpha_ratio_ps_std,imf_bx_1h_mean,imf_bx_1h_std,imf_bx_2h_mean,imf_bx_2h_std,imf_bx_3h_mean,imf_bx_3h_std,imf_by_gse_1h_mean,imf_by_gse_1h_std,imf_by_gse_2h_mean,imf_by_gse_2h_std,imf_by_gse_3h_mean,imf_by_gse_3h_std,imf_bz_gse_1h_mean,imf_bz_gse_1h_std,imf_bz_gse_2h_mean,imf_bz_gse_2h_std,imf_bz_gse_3h_mean,imf_bz_gse_3h_std,imf_by_gsm_1h_mean,imf_by_gsm_1h_std,imf_by_gsm_2h_mean,imf_by_gsm_2h_std,imf_by_gsm_3h_mean,imf_by_gsm_3h_std,imf_bz_gsm_1h_mean,imf_bz_gsm_1h_std,imf_bz_gsm_2h_mean,imf_bz_gsm_2h_std,imf_bz_gsm_3h_mean,imf_bz_gsm_3h_std,sw_p_1h_mean,sw_p_1h_std,sw_p_2h_mean,sw_p_2h_std,sw_p_3h_mean,sw_p_3h_std,sw_v_1h_mean,sw_v_1h_std,sw_v_2h_mean,sw_v_2h_std,sw_v_3h_mean,sw_v_3h_std,dst_1h_mean,dst_1h_std,dst_2h_mean,dst_2h_std,dst_3h_mean,dst_3h_std
1,2016-02-13/05:13:20,2016-02-13/05:33:20,2016-02-13/05:53:20,2016-02-13/06:13:20,,0,Dawnside,1,2016-02-13/05:43:20,2016-02-13/05:43:20,,6.191670068,-6.030797281,-0.6934966857,-5.539291406,-2.483486076,8.67111531,8.6987067,12.27883088,24.718647,6.456585407,17.14521408,3.571445704,51.57612991,7.559765816,-52.98466492,1.979853749,6.930908203,15.09360504,55.32225418,2.946274281,55.57187813,3.196246728,1.941586636,0.8525280849,4.048294355,0.8323748021,0.04526005897,0.02253933102,0.07262567085,0.01323054861,0.02325241338,0.004784685132,-3.238166809,0.8664901257,-1.261864305,1.255873799,-0.845500052,1.670927286,10.47316933,1.15570724,10.42660999,0.5916564465,7.502333641,2.642633438,-4.160666466,4.900904655,-1.981016994,1.794204712,8.471833229,6.028003693,11.21516705,1.07346499,10.41813564,0.4251997173,3.330499887,4.781830311,-0.5505000353,5.012167454,2.002372742,1.86892879,10.74783325,4.684103966,6.999817371,2.357508659,9.679798126,0.496674329,6.99159956,2.2693398,361.9509888,6.211633682,369.1366882,4.000762463,365.9899902,2.921227455,21.54999924,2.83695364,27.73333359,1.471384883,21.83333397,5.752424717
2,2016-02-13/22:32:00,2016-02-13/22:52:00,2016-02-13/20:57:30,2016-02-13/21:17:30,smooth,1,Dawnside,0,2016-02-13/22:22:00,2016-02-13/21:27:30,,4.311671381,-11.12279295,-1.189010411,-9.138941191,-6.450583123,11.98836014,7.196658716,18.64818789,23.65077591,5.173881054,-10.74368,2.600008726,12.77786827,7.144419193,-36.00375366,1.907547951,18.58694267,9.610479355,13.44507122,3.068575144,11.35838428,1.446580716,2.2377388,0.4853800924,0.7557672346,0.2107322608,0.0768313041,0.02565532941,0.06566777954,0.01148580862,0.03379009979,0.006284156846,-1.248360634,1.124412537,-1.040769339,0.7980192304,-1.327600002,0.5149145126,5.094919682,0.4334036708,5.088653564,0.3303831816,4.728199482,0.6615185738,0.02967213094,1.192919374,1.377884626,0.9065715075,1.616999984,1.041294932,4.452130795,0.747739017,3.868076086,0.6653262377,3.551000595,0.9684391022,2.480656147,1.014009953,3.576923132,0.7237824202,3.529998779,0.6927290559,1.92163229,0.1113056391,1.902045727,0.1561987102,1.970999956,0.2322663963,412.1163025,10.24512672,416.2863159,5.446976662,419.565033,5.595809937,-7.065573692,0.853792429,-7.327868938,1.011950254,-6.852458954,0.5110794306
3,2016-02-03/05:03:30,2016-02-03/05:23:30,2016-02-03/06:17:30,2016-02-03/06:37:30,,0,Dawnside,1,2016-02-03/05:33:30,2016-02-03/06:07:30,,7.416305017,-6.439540154,-0.8724477831,-5.978278339,-2.547357578,9.8605488,8.850514426,14.44497528,-11.31240654,5.102713108,15.32053375,2.561516047,-3.865808964,10.60231876,-54.82543182,5.408768654,-19.8834095,7.116398811,51.24049377,3.167585611,36.83963878,1.857663065,2.025718435,1.008459283,1.881574143,0.2941280971,0.06970661467,0.06053476009,0.05096335994,0.006944535293,0.03284606464,0.005347597816,-4.739654541,0.7037492394,-4.237692356,0.7067697644,-4.775332451,0.5172104836,2.186034441,3.157943487,-2.890512705,0.5726712942,-2.235499859,0.7227827907,-4.595172405,3.206706762,-7.027948856,0.8080521226,-6.901164532,0.4897044897,3.457241535,2.23907876,-0.3761538863,0.6157862544,0.5160000324,0.6408818364,-3.791378498,3.847560644,-7.594101906,0.7340289354,-7.236999035,0.5746577382,3.461428642,0.6397134662,2.798094988,0.2941363752,2.938636541,0.3209983408,359.0469055,5.082695484,364.4619446,5.440265656,358.3750305,2.616685152,-43,3.014091253,-46.01666641,1.51256454,-54.56666565,3.238364458
4,2016-02-03/21:10:30,2016-02-03/21:30:30,2016-02-03/20:01:00,2016-02-03/20:21:00,smooth,0,Dawnside,0,2016-02-03/21:00:30,2016-02-03/20:31:00,,4.66345568,-10.61609607,-1.156149514,-9.104446707,-5.580970134,11.65272485,7.391472502,16.64622419,13.72696686,4.323150158,-6.173929214,2.215952635,-19.70446396,4.562864304,-40.20556259,2.787715912,43.76185608,2.6365273,18.69806099,2.129561663,9.019974047,1.16674317,1.776135155,0.3035927058,0.4959410856,0.1256946434,0.04554732917,0.01243137654,0.05436133668,0.008701831047,0.02537984358,0.004452164032,-2.649038553,1.5480299,-5.86950016,0.9853613973,-2.802632093,1.922322392,6.248268604,2.133341074,8.954834938,0.7585344315,8.091227531,2.628123999,4.574038506,2.396783829,0.6586666107,1.336933613,4.926316261,2.451874733,3.787500858,2.769668102,8.016499519,0.5362734199,5.85228014,3.304247141,6.736922741,1.691447377,4.056499958,1.405346632,7.412806511,1.595224738,2.296743393,0.1846969426,1.710850954,0.1902610362,1.606862664,0.2365627736,404.2930603,9.281634331,382.3063354,5.553861618,383.3509827,5.661074638,-13.25,0.7507058382,-13.35000038,0.7089021802,-10.4333334,1.99462533
5,2016-02-23/02:13:40,2016-02-23/02:33:40,2016-02-23/02:53:40,2016-02-23/03:13:40,,0,Dawnside,1,2016-02-23/02:43:40,2016-02-23/02:43:40,,4.891029319,-8.879452164,-0.8712048435,-7.509388392,-4.817961479,10.17476501,7.528524327,15.82595976,-5.496401787,10.16300583,-2.18576026,1.699507356,-19.72941971,24.60116959,-52.18588638,1.239485025,2.593563795,9.428958893,18.63834381,1.511931539,9.556647873,5.795134552,0.7831004055,0.2474785877,0.390341718,0.2694255974,0.01229774098,0.006379875454,0.039781802,0.01139353166,0.01503120061,3.72E-03,4.126167774,0.4001613557,3.804166317,0.2676912844,3.84116745,0.4834834337,-0.5923332572,0.6547877789,-1.853000164,0.9112745523,-1.99150002,0.5665560961,-0.3771666884,1.052907228,-0.8538333178,0.6527232528,-0.03216667473,0.5708871484,-0.3376666903,0.6075997353,-1.184500098,0.9074222445,-1.696166754,0.6478310227,-0.6103332639,1.084271073,-1.664666533,0.648344636,-1.043833256,0.4755802751,1.726226568,0.1041675061,1.845740676,0.08027315885,1.852857232,0.09589226544,352.1112671,3.884719372,354.3796692,3.771461248,354.3964539,2.458004475,-4.933333397,1.162503004,-1.283333302,0.5848848224,-0.3166666627,1.241809607
6,2016-02-23/19:53:30,2016-02-23/20:13:30,2016-02-23/19:13:30,2016-02-23/19:33:30,,0,Dawnside,0,2016-02-23/19:43:30,2016-02-23/19:43:30,(maybe revisit - there is some BL),1.660908774,-11.69917877,-1.215508636,-9.811841089,-6.486603079,11.87884098,6.537650554,17.04822926,-16.77795982,10.31692982,-19.7638855,3.546934843,-25.43899155,6.283015728,-34.8481636,2.766314983,4.101661682,11.93114853,6.624969482,2.771119595,14.19897531,2.974724777,1.986593085,1.013067201,0.5406024072,0.2092764915,0.05036781167,0.03267686821,0.0375098961,0.01058032107,0.02473418469,0.006322007679,0.3851787746,2.739660263,3.707636595,0.5357893109,2.780000448,0.5775547624,-4.430535793,0.7422237992,-3.635091066,0.5530784726,-4.310999393,0.2611493468,-1.446428657,1.353675723,0.6210909486,0.8165344596,-0.1433333457,1.002802491,-3.306070566,0.948954761,-3.578001261,0.3883650601,-3.952500105,0.2667228878,-3.264464855,1.269095659,-0.9234543443,0.87107265,-1.732500196,0.9946749806,2.151750088,0.2923282981,2.023488045,0.09367834777,1.90921545,0.07797032595,358.8149719,9.650598526,362.0116577,2.543453932,369.5253906,2.993582964,-2.183333397,0.8923718333,-1.716666698,0.6131792665,0.3333333433,0.6288720369
7,2016-03-14/18:23:00,2016-03-14/18:43:00,2016-03-14/16:52,2016-03-14/17:12,,1,Dawnside,0,2016-03-14/18:13:00,2016-03-14/17:22,,-1.667221535,-11.79490108,-1.21805823,-10.02674646,-6.329906233,11.97426345,5.663816973,16.92577539,19.52505684,9.16640377,-20.18419456,1.296977043,-13.32303619,7.661887646,-31.04631424,1.59510684,43.16950226,12.70460987,6.627466679,1.850616574,31.09111211,7.715016201,1.773988778,0.2092086533,2.398643133,0.7777950347,0.06092213455,0.011093241,0.07801126465,0.01828085064,0.03418870134,3.44E-03,-5.448196888,1.283695817,-4.241666794,0.817595005,-4.687893867,0.1745682061,7.359180927,3.261433363,3.633666515,0.6898390651,4.043859959,0.5491576791,2.731147528,1.978137136,0.989333272,1.128435135,0.9577194452,0.7957656384,5.467867851,2.628667116,2.960833788,0.6246932745,3.467894793,0.4654059112,5.630164623,2.766637087,2.314500093,1.191339374,2.289649248,0.8460199833,9.018927574,3.76500845,3.519199848,0.1699200273,3.410974979,0.1675232202,390.7552795,16.02464867,367.0259705,1.684844494,369.5267639,1.772007585,19.50819588,7.327170849,-1.737704873,0.6298581362,-0.2786885202,0.4520747066
8,2017-05-01/16:13:00,2017-05-01/16:33:00,2017-05-01/18:02:45,2017-05-01/18:22:45,,1,Dawnside,1,2017-05-01/16:43:00,2017-05-01/17:52:45,difficult to identify boundary,-1.428583162,-14.921285,4.388887275,-15.54904085,-0.366614609,15.61883246,5.719778071,15.65713833,NaN,0,NaN,0,NaN,0,NaN,0,NaN,0,NaN,0,4.024012086,1.700144688,2.458644954,0.3254077217,0.150221185,0.08823449785,0.08755452843,0.01628267755,0.03536782237,0.008517224541,0.03559611989,0.004689389513,-2.927235791,0,-3.651765108,0.4180047512,-2.749655724,0.975348711,4.312276511,0,2.49000001,0.5444377661,3.137586117,1.188353181,-0.1430894921,0,2.855294228,0.4465299249,1.769310236,2.138520479,4.249837261,0,1.791176677,0.5908562541,2.707413435,1.583606124,1.168943114,0,3.33823514,0.3817432821,2.343448877,1.906150103,1.510952399,0,1.75352931,0.06294255704,1.766738892,0.1163339093,377.1111111,0,374.1000061,3.807718992,380.1369324,7.029193878,10.21311474,1.253192782,10.72131157,0.8191692829,10.55737686,0.5008189678
9,2017-05-17/11:17:30,2017-05-17/11:37:30,2017-05-17/10:20:20,2017-05-17/10:40:20,,0,Dawnside,0,2017-05-17/11:07:30,2017-05-17/10:50:20,,-16.38358713,-18.4115171,4.550698199,-18.63968643,3.500700783,25.06221744,3.22148572,25.24742811,NaN,0,NaN,0,NaN,0,NaN,0,NaN,0,NaN,0,4.039206828,0.3383599355,0.2605187842,0.07619372099,0.1636903987,0.04158157291,0.006718596341,0.00241676966,0.04018491966,0.008294135719,0.02610060875,0.008172030716,1.218833208,0.5057972074,1.449166656,0.9030297995,2.192692041,0.8363554478,-1.38100028,0.6658236384,-0.5741666555,0.9828109145,-1.61326921,1.261363626,-3.082000017,0.5368293524,-4.363333225,0.5329563022,-2.448653936,1.444231272,-1.206499815,0.6843004823,-0.3108333647,0.9698965549,-1.383461475,1.316613078,-3.153499842,0.5174344778,-4.388333321,0.5546142459,-2.576346159,1.409619689,1.955000281,0.281921953,1.615454435,0.06470915675,1.712272644,0.3312896788,474.2233276,5.436644077,482.2999878,3.921732664,501.3363342,5.027835846,-6.75,1.569033027,-10.66666698,3.671542645,-10.05000019,1.489226818
10,2017-05-17/20:08:40,2017-05-17/20:28:40,2017-05-17/17:21:20,2017-05-17/17:41:20,,1,Dawnside,0,2017-05-17/19:58:40,2017-05-17/17:51:20,,-14.02229605,-18.986045,5.125372697,-19.55882976,-2.04732112,24.15293228,3.934997252,27.04550369,NaN,0,NaN,0,NaN,0,NaN,0,NaN,0,NaN,0,3.033125144,1.204584515,0.4647259133,0.05693975933,0.08396547105,0.04473695794,0.009142186638,0.00322605162,0.02618053085,0.006576775258,0.01947870465,0.006088747084,2.253833294,0.7230399847,2.697000265,0.6418572068,2.972832918,0.2537454665,1.204666615,0.7746217251,0.6984999776,0.6156677604,0.4058333039,0.3323939443,-1.364666581,0.9953305721,-0.7661665678,0.9509034157,-0.9756667018,0.4433974028,1.601166844,0.4692695141,0.9086668491,0.7364285588,0.6460000277,0.3397766352,-0.8621666431,1.173316479,-0.5153333545,0.8520015478,-0.8329998255,0.4440426826,2.712306976,0.255086422,2.35000062,0.1162043288,2.143448353,0.1176756248,455.9768982,2.643869162,463.5152283,3.352653027,471.1069641,1.137535095,0.349999994,1.783398032,-0.3833333254,1.50807631,-1.583333373,0.8293691874
11,2017-05-18/04:31:00,2017-05-18/04:51:00,2017-05-18/05:30:30,2017-05-18/05:50:30,,0,Dawnside,1,2017-05-18/05:01:00,2017-05-18/05:20:30,,-9.975542616,-17.38624946,5.105358784,-18.08056129,1.199859149,20.68472405,4.065114582,20.6767517,NaN,0,NaN,0,NaN,0,NaN,0,NaN,0,NaN,0,8.346647663,0.7371304042,0.4765028067,0.238122524,0.383101415,0.07986807287,0.01590690926,0.006084701035,0.04573644608,0.007635405436,0.03484769833,0.00700156281,-0.3656665981,1.318669558,1.668447971,0.7458981276,0.8983606696,0.8360127211,-0.8585000634,2.95382309,-0.2462068647,1.763588786,4.57606554,0.6363051534,-4.983332634,1.332872033,-5.158964634,0.2791760862,-3.282130957,1.002109528,0.3609998822,3.066817045,1.214310408,1.74140811,5.375408649,0.3390013576,-5.03399992,1.095658898,-5.014482021,0.4642752707,-1.644426107,1.189670205,3.269107342,0.4680104256,3.454864979,0.2563376725,3.534221649,0.1179076657,436.3035583,5.56531477,432.9162598,1.963491201,437.3577576,1.48912549,-22.73770523,4.603989601,-5.606557369,4.70559454,1.032786846,3.468752146
12,2017-05-20/09:26:30,2017-05-20/09:46:30,2017-05-20/10:11:50,2017-05-20/10:31:50,,0,Dawnside,1,2017-05-20/09:56:30,2017-05-20/10:01:50,,-16.43823914,-18.1056748,4.882336849,-18.3089987,4.053793242,24.93728893,3.153550318,24.960431,NaN,0,NaN,0,NaN,0,NaN,0,NaN,0,NaN,0,6.17729682,0.7373419436,0.9764431587,0.9383444961,0.9218836313,0.1704284845,0.08875750395,0.08877412141,0.1499072946,0.02698847959,0.08625756969,0.02745183474,5.976667404,1.865827203,5.265517235,2.336289406,4.082542419,2.328508377,-3.416333675,3.409106255,-3.407930613,5.216627598,-5.477965832,4.879378319,-5.348833084,3.750354767,-5.022068501,3.955349684,-5.587120056,4.312158108,-3.122000456,3.463577032,-3.048964977,5.356091976,-4.825254917,5.233323574,-5.509166241,3.725301743,-5.286897182,3.708296299,-6.106949329,3.958494663,4.906666756,1.079011798,5.257143497,0.5442565084,4.703704834,0.3158951998,645.5238037,38.4289093,606.774292,14.7618227,608.4165649,11.25796604,-29.91666603,6.977667809,-36.5,3.88609004,-22.95000076,12.98033333
13,2016-11-11/08:33:30,2016-11-11/08:53:30,2016-11-11/07:27:30,2016-11-11/07:47:30,,0,Duskside,0,2016-11-11/08:23:30,2016-11-11/07:57:30,,8.46171338,4.591366757,-0.6455577005,3.912074101,-2.488587885,9.648729801,13.98019282,14.39427739,18.75046921,8.015350342,35.52547836,3.723266602,-11.84895134,24.05614471,38.38917542,1.651794791,36.62644577,12.62805176,48.81668854,3.638848305,20.15235787,5.926696864,1.445086885,0.3464636905,1.34886052,0.6491354025,0.04892973428,0.005828854264,0.06386699497,0.01414092611,0.03482616487,0.005456319281,4.33983326,1.489295721,6.519259453,1.504738331,3.271666288,1.216543078,-5.446000099,2.98939991,-3.493148327,2.836522341,-8.135334015,1.072352767,1.501499891,1.753594756,-0.9518517256,1.545220375,-1.767499924,1.881873965,-4.375666618,3.367027521,-3.598889112,2.752640724,-8.268498421,1.364223123,3.556499958,0.8880903125,0.3948148489,1.689222932,1.035000086,1.641693473,3.06612277,0.2844205797,2.938542128,0.1661195308,3.142979383,0.2114125788,447.2774963,5.886009693,439.2687073,7.668868542,455.802124,4.447152138,-27.26666641,1.885418534,-28.46666718,0.8918967247,-27.93333244,1.191305876
14,2016-11-11/18:46:00,2016-11-11/19:06:00,2016-11-11/19:41:00,2016-11-11/20:01:00,,0,Duskside,1,2016-11-11/19:16:00,2016-11-11/19:31:00,,5.482432039,9.168853688,1.031408126,9.214559439,-0.472837207,10.73260182,16.00315926,10.91828836,25.23330498,4.979625225,-5.929415226,2.965880394,-27.60548782,5.888770103,10.55299187,6.193515301,32.96283722,10.11154842,48.02695465,6.429943562,21.17307853,2.631140794,1.868040078,0.592423845,1.265385102,0.2804668787,0.05161889233,0.03542196457,0.05927175938,0.007674296962,0.02741905529,0.006106620142,4.291818619,2.176836967,5.145246506,1.783380389,1.850655794,2.762834787,-7.897955418,1.040515423,-5.588852882,2.683241129,-5.68377018,1.571068764,1.363181829,2.132841587,3.934754133,3.654565811,-1.158197403,3.685081959,-7.534544468,0.9300999045,-4.56704855,3.273678303,-5.82131052,1.953043222,2.775454521,2.127981424,5.032131195,3.222300053,0.3886884749,3.440264702,4.096486568,0.3510794044,3.698363781,0.3634442687,3.86396265,0.5990034938,463.927002,9.875551224,459.980011,12.51452446,478.0301819,28.59611893,-8.032787323,1.949078441,-13.2295084,1.553420067,-13.91803265,3.44623065
15,2016-11-03/08:37:00,2016-11-03/08:57:00,2016-11-03/07:26:00,2016-11-03/07:46:00,,0,Duskside,0,2016-11-03/08:27:00,2016-11-03/07:56:00,,7.491428393,4.720549083,-0.808947931,3.854956503,-2.842057486,8.891539786,14.16517422,13.62349905,-7.712775707,10.46856689,53.18189621,5.148333073,0.943200469,14.46017361,39.08670425,2.713730097,-19.26379585,10.11223984,29.62731361,2.074141264,16.05320661,1.987871188,0.448293857,0.05548680608,1.428651882,0.2883172523,0.01866594411,0.003030087805,0.08874353165,0.01224873281,0.0416449095,0.004279181674,-2.863278389,0.9474558234,-1.894098163,3.02464366,0.7919671535,0.9709321856,3.885738373,0.893682301,4.13803339,1.123353362,4.423605919,1.373895884,-4.413934231,0.5454975367,-2.704262257,1.203094006,-4.743605137,1.133322716,1.550327778,0.8170515895,2.665737629,1.401933789,2.353278637,1.622528791,-5.675246239,0.6217893362,-4.150492191,0.9212915301,-6.063114166,0.5518862605,1.928102851,0.09816664457,2.070565939,0.1944361925,2.554000139,0.2306423783,402.7310181,3.235613823,403.3904419,3.394013405,405.321991,2.505362034,-45.55737686,0.8067339659,-40.9180336,1.705824733,-38.75409698,1.374235988
16,2016-11-03/14:33:00,2016-11-03/14:53:00,2016-11-03/15:17:10,2016-11-03/15:37:10,,0,Duskside,1,2016-11-03/15:03:00,2016-11-03/15:07:10,,7.249749955,9.529271119,0.1886687141,8.924059865,-3.347201738,11.97503563,15.50577562,13.58786306,-9.104870796,6.976486683,4.600495338,2.771254778,0.1291465461,6.901604176,16.69064713,3.57193017,-19.06284714,9.088859558,25.09350395,2.372398615,11.56790983,1.769072666,0.4471155888,0.06998665314,1.229414902,0.352529547,0.01406214265,0.003630342841,0.1046940491,0.01753981892,0.0313078566,0.005854314117,-5.085715294,0.5537602901,-4.82885313,0.2700684667,-5.468165874,0.1976857036,1.690357208,0.4567671418,2.440655708,0.3532792628,2.460333824,0.1278633624,-2.661964417,0.402430892,-2.464426041,0.3944090009,-2.2378335,0.4178885221,0.5221428871,0.3811977208,1.176721454,0.3320678473,1.20233345,0.2368749231,-3.108214617,0.4865205288,-3.263934851,0.3978620768,-3.098833561,0.3836006224,1.457058907,0.07316541672,1.490000129,0.06152158603,1.471428514,0.07424622774,389.2195435,1.422535181,390.5907593,3.005545378,393.9857788,2.587470055,-31.93442535,0.7717692256,-33.45901489,1.444226861,-35.9180336,0.7370001078
17,2016-10-27/10:12:20,2016-10-27/10:32:20,2016-10-27/09:06:00,2016-10-27/09:26:00,,1,Duskside,0,2016-10-27/10:02:20,2016-10-27/09:36:00,,7.092867015,6.368070355,-0.7553526788,5.173210828,-3.789560349,9.561989731,14.73372925,14.04782634,-5.866698742,7.684055805,37.22026825,4.90473032,14.7056694,21.92600822,47.87739944,2.558704615,-7.258692265,10.63508224,17.90303802,3.364812613,9.635568857,1.904382287,0.2856410006,0.06316863136,0.4218661669,0.121491645,0.007853273636,0.003218377149,0.04362887444,0.00887207816,0.02681942125,0.006950029312,-2.291016817,1.641958237,-3.020999432,1.005605817,-2.233166456,1.642007351,3.156949043,2.210198164,2.929166079,1.496927142,3.550332785,1.259491205,-1.306610107,1.612019062,0.8639999628,1.947017908,-0.5249999762,1.430968046,2.109491825,2.256412745,2.977499723,1.142592311,2.91716671,1.202124,-2.687627316,1.548562527,-0.6346666813,2.187720299,-2.069666862,1.507183909,2.009795904,0.1911204755,1.843207598,0.1558570862,1.894374847,0.1820323318,602.9714966,15.23653793,600.1433716,10.18738651,610.4750366,15.02010536,-44.70000076,2.345569849,-47.83333206,1.439946771,-38.59999847,3.370862007
18,2016-10-27/17:10:00,2016-10-27/17:30:00,2016-10-27/18:25:00,2016-10-27/18:45:00,,1,Duskside,1,2016-10-27/17:40:00,2016-10-27/18:15:00,,5.243108543,10.66054817,0.3929998794,10.31296124,-2.728473337,11.88662792,16.26190172,12.7264715,0.1157137901,7.72812748,2.892212629,1.07283318,-4.904172421,12.7873106,20.22824097,3.106168747,-16.91324997,10.75129604,32.46933365,2.169311762,10.43008258,1.702421737,0.2560352163,0.03046625124,0.3155647941,0.108530725,0.004942662074,0.001665172493,0.02972003955,0.006350689918,0.0192643935,0.005973446654,-4.042833328,1.87559104,-2.876393795,1.249078393,-1.428474665,1.297275424,2.163999319,0.9714818597,2.574589729,1.807726502,3.365423918,0.7604883909,-0.4301665723,1.806704521,-2.617212772,1.254914403,-3.368982792,1.048471451,1.908500195,1.157833815,1.477868676,1.79441011,1.78491509,0.7582110167,-1.076500177,1.7137537,-3.362622261,1.271108389,-4.420509338,1.026926041,1.703999639,0.2756365836,1.968912482,0.2276471853,2.090526342,0.2711232901,552.6380005,17.03993988,570.0326538,13.04871655,580.7498779,15.31105423,-52.13114929,2.759682417,-49.8360672,2.684401989,-44.81967163,3.052366257
19,2016-10-10/16:10:00,2016-10-10/16:30:00,2016-10-10/14:19:20,2016-10-10/14:39:20,,1,Duskside,0,2016-10-10/16:00:00,2016-10-10/14:49:20,,3.953025103,10.96537889,-0.3331686217,9.881439372,-4.7652588,11.66091519,16.47952505,13.78301665,-1.542355299,4.626699448,2.903358936,2.679641724,-17.36020088,5.784125805,22.74533272,6.371207714,-21.57048607,7.610267162,13.36558437,3.585861921,24.20223185,2.165710583,1.091197806,0.4022698329,0.8377806415,0.2243357916,0.02642680697,0.01116055723,0.03432506147,0.007741725047,0.02419002278,3.78E-03,-1.738360286,0.5000938773,-1.53918004,1.127437234,-2.672500372,0.8481937051,5.969015598,1.211458802,5.464426041,0.7946227193,4.588000298,0.8017455339,-1.43016386,3.057719946,-0.9645901918,1.7664783,-0.6335000396,1.75585103,4.81983614,1.818602562,4.396557331,1.421038151,3.683000326,1.084231019,-3.855409145,2.663176537,-3.376065731,1.340495229,-2.816000462,1.585340977,2.986166477,0.4420564473,2.843962669,0.2347530574,2.444339752,0.09822479635,356.2466736,1.682157636,351.9433289,4.167248726,341.1717224,4.095983982,-10.90163898,1.609398603,-12.39344215,1.332649946,-16.67213058,1.011950374
20,2016-09-30/17:22:00,2016-09-30/17:42:00,2016-09-30/16:00:00,2016-09-30/16:20:00,,0,Duskside,0,2016-09-30/17:12:00,2016-09-30/16:30:00,,2.146438229,11.45959282,-0.414881212,10.47501937,-4.665657841,11.66625866,17.05418899,13.5856461,-20.17083168,6.060419559,1.001461983,0.7719800472,30.93002892,5.848852158,28.36709595,1.887636304,7.699164391,7.901963234,15.57569313,1.722250223,4.197142817,1.346973755,0.2394558335,0.02066498764,0.1730752107,0.07860749516,0.01014138831,0.001707774547,0.04006759766,0.007690374723,0.04232871461,0.006000264651,-0.317704916,1.298203111,-3.236065388,1.830705881,-3.265960932,0.8110976815,4.007541656,1.063338518,1.473278642,1.759470344,2.797884703,0.9753217697,-2.088032961,0.8254408836,0.3983604908,1.358778,-0.265769273,1.270380974,2.864918232,1.247999191,1.508852363,1.100893736,2.343268871,1.398369908,-3.496885777,0.4917470515,-0.2718033195,1.925354123,-1.539807677,0.8050708771,1.87775898,0.1546364874,1.717118979,0.2949579358,1.767499804,0.2426406145,623.8862305,14.61328983,608.8256226,20.15607452,615.177124,9.138628006,-28.95081902,3.018975258,-28.37704849,1.356022954,-25.47541046,0.6482426524
21,2016-09-30/17:41:40,2016-09-30/18:01:40,2016-09-30/18:58:30,2016-09-30/19:18:30,,0,Duskside,1,2016-09-30/18:11:40,2016-09-30/18:48:30,,1.649656719,11.75550619,-0.274479579,10.98738703,-4.18862574,11.87386361,17.29373557,13.38306769,-18.19867325,4.900958538,-1.02367878,1.438628674,29.97754478,5.243049145,19.30496025,2.585842848,5.286319256,5.634727001,10.90476036,1.220480204,4.224392823,1.675452919,0.3164232941,0.1129453302,0.1905299109,0.09990039658,0.007594773862,0.00279637755,0.04353518288,0.009044646944,0.02440776089,0.00526494362,0.3859321475,1.760247111,-0.309833318,1.307689786,-3.283833265,1.80741322,4.034575939,0.7803189158,3.993667364,1.066729546,1.421333313,1.726504803,-1.091525435,1.407883883,-2.097000122,0.8294051886,0.4331665039,1.342541814,3.386610031,0.8068000078,2.847500086,1.251031518,1.475999832,1.079609513,-2.445593119,1.398854613,-3.501167059,0.4947490394,-0.2190000415,1.896538138,2.195272207,0.2207298726,1.876666903,0.1557852924,1.714483023,0.2968322933,615.5326538,14.05060959,624.1035767,14.64834118,608.0846558,19.50476646,-33.68333435,1.383825064,-28.85000038,2.939070463,-28.41666603,1.331389785
22,2016-09-19/17:09:30,2016-09-19/17:29:30,2016-09-19/15:39:00,2016-09-19/15:59:00,,2,Duskside,0,2016-09-19/16:59:30,2016-09-19/16:09:00,This doesn't look right - looks like BL,0.9315268368,11.07638758,-0.6927647746,9.943952289,-4.927889773,11.13705648,17.30516052,13.49703861,19.95492172,15.84326077,1.528052211,3.28126049,20.28105545,12.53265667,21.64315224,5.340399742,60.42850876,7.405054092,14.7650404,7.232137203,18.17188889,3.404901614,1.758104049,0.2452907434,1.439565703,0.4699835717,0.07040224885,0.008657732683,0.07759056394,0.01383962963,0.04020803434,2.72E-03,3.760000467,1.597432256,3.136998892,0.9558620453,1.614833474,0.8146237135,-9.06566906,2.153198719,-9.570168495,1.264346123,-9.202165604,0.6120930314,2.963166475,4.04597044,-4.386832714,2.187470675,-4.028666973,1.988856673,-7.090333462,3.158803701,-10.54049873,0.6967197061,-10.00566483,0.7237880826,6.410832882,3.259250641,0.3528332412,2.344651222,0.9079999924,1.945956945,7.691786289,1.129085064,6.278474331,0.6077936292,4.239152908,0.705962956,406.6517029,4.773258209,405.7372437,3.127181768,394.50354,7.04245615,-4.150000095,1.232676506,-8.383333206,1.328841567,-16.98333359,2.813356161
23,2016-09-19/20:50:10,2016-09-19/21:10:10,2016-09-19/21:54:50,2016-09-19/22:14:50,,1,Duskside,1,2016-09-19/21:20:10,2016-09-19/21:44:50,"Colder plasma in PS. ""Cold dense PS?""",-1.411185384,11.87652434,-0.1109252498,11.47318361,-3.070861662,11.96058459,18.38728845,12.85053838,15.82180786,5.663702011,-9.480547905,3.245213032,15.83614922,3.661669493,17.48822403,2.94483614,73.1499939,1.662472367,27.50930405,3.801536322,12.52219199,1.491239113,5.525890588,0.8871220062,1.359507443,0.3001794059,0.2865298954,0.05107823552,0.1083367165,0.01938483188,0.05183328998,3.59E-03,3.656500101,2.019272327,6.908999443,2.009638548,6.490999699,1.797892928,-8.402833939,4.518649101,-11.39383411,2.09975481,-8.603165627,3.482976913,15.50266647,5.0654006,11.63533211,3.127533436,9.052834511,3.207830667,-4.131999493,5.192063332,-7.673166275,2.608249426,-5.318999767,4.266298294,17.15000343,4.34389019,14.36733532,2.698305607,11.26216602,2.251352787,9.854654312,1.808725595,7.302038193,0.6723273396,7.964726448,0.5005028844,431.4758911,5.807294369,410.4851074,7.375976086,412.4490356,5.345779419,18.28333282,3.813853979,9.483333588,1.157022476,6.583333492,1.292634726
24,2017-09-29/12:21:20,2017-09-29/12:41:20,2017-09-29/13:28:40,2017-09-29/13:48:40,,1,Duskside,1,2017-09-29/12:51:20,2017-09-29/13:18:40,,-8.452757611,19.31501131,6.137516116,19.68921415,-4.803499483,21.9587768,19.51311943,23.22009601,-6.792993069,3.079226017,-5.268383503,2.488981009,3.384288549,3.925526142,4.801846981,2.376204491,1.6587708,5.552307129,5.961474895,1.147512317,3.584625934,0.7446549724,0.2757738381,0.103779228,0.1489637726,0.04657358458,0.005928999772,0.003340197027,0.04140875711,0.008793664413,0.02141989779,0.005960910744,0.7981354594,0.8369247913,-0.3185000122,0.7973703146,-0.575535655,1.140760303,2.613050699,0.7909100652,1.186166644,1.596945286,1.408928514,0.9009968042,0.105084762,1.814941049,-2.819667101,1.428396106,1.359642625,2.276331902,2.266440392,1.151602745,-0.5320000052,1.999430299,1.921250105,1.761027694,-1.296609759,1.616003513,-3.009999752,0.7819402218,0.3757143021,1.70283711,1.859473705,0.1454846561,1.922307491,0.157798782,1.997959375,0.116600804,612.9860229,5.715688229,606.0249634,5.982713699,607.1530762,10.76803207,-12.35000038,2.192630291,-14.3166666,0.9827607274,-15,0.8025383353
25,2017-09-25/09:48:30,2017-09-25/10:08:30,2017-09-25/08:54:00,2017-09-25/09:14:00,,2,Duskside,0,2017-09-25/09:38:30,2017-09-25/09:24:00,Doesn't look right. Looks like long BL,-1.70062187,19.96594164,3.860645371,18.90268788,-7.498786509,20.4067519,18.43691765,23.44674479,-5.735659599,2.516003847,-8.148935318,0.7911325097,8.69639492,2.064626932,9.830834389,0.6560553312,9.995922089,2.03574872,5.996422768,0.7053688169,0.9262157081,0.4465329943,0.5402382695,0.08972944762,0.03353403923,0.0289902833,0.007422973828,0.003977578343,0.03179599644,0.01393038772,0.01346749672,0.00579237998,3.586666584,0.7391399145,3.012000084,0.8311905265,2.886833429,0.8403519988,-1.894666553,0.3781016767,-2.133666992,0.6744714379,-2.499166965,0.7557200193,0.9311668277,0.3474073112,1.013333321,0.7177924514,0.7703333497,0.9840903282,-1.103166819,0.4705154002,-1.306833506,0.9098938107,-1.807166457,1.061733603,1.801499605,0.1910082549,1.966000199,0.3846953809,1.901166677,0.6073898673,0.8744186759,0.1495278627,0.928653717,0.08672761917,1.09214282,0.03929905221,397.2069092,8.924962044,389.5961609,6.688735962,379.0733032,2.180115938,1.583333373,0.9618425965,1.549999952,0.6992730498,1.533333302,0.5357291698
26,2017-09-19/16:12:00,2017-09-19/16:32:00,2017-09-19/13:28:00,2017-09-19/13:48:00,,1,Duskside,0,2017-09-19/16:02:00,2017-09-19/13:58:00,,-2.221680971,17.86202772,3.11612351,17.48790594,-4.789092404,18.26740612,18.28432559,19.79941375,-8.286130905,5.143098831,-6.79979372,1.376687884,6.778928757,3.934961557,12.40291691,1.962373257,2.464303732,8.234077454,6.960398197,0.99974823,3.540870924,2.059445241,0.2435094981,0.06136328965,0.2089115906,0.1411138619,0.005993494307,0.001834922461,0.05555992792,0.01771432602,0.0248782354,0.005880076648,-3.036393166,0.8428266644,-3.464333773,0.5229588747,-3.921379089,0.2808723748,1.826393247,1.815627694,1.479833484,1.463536978,1.717241764,0.5079086423,1.546393514,1.004435301,1.745833278,0.8619947433,1.079655409,0.9508647323,2.315573692,1.364687443,2.147833586,1.011272311,2.029138327,0.7041065097,0.5695081353,1.575881958,0.8293335438,1.340839386,0.04810345918,0.8148047328,1.438235402,0.20405595,1.432916284,0.1927621961,1.085333467,0.1277888864,505.2902832,9.301037788,505.7541809,6.910333157,500.5133362,4.330735207,0.2622950673,0.981523335,-1.836065531,0.8201691508,-5.245901585,0.8094388247
27,2017-09-14/02:29:40,2017-09-14/02:49:40,2017-09-14/00:46:40,2017-09-14/01:06:40,,1,Duskside,0,2017-09-14/02:19:40,2017-09-14/01:16:40,,-4.262697468,18.02603091,3.233320755,18.16434072,-2.334282713,18.80326422,18.91250458,18.99965482,-4.105344296,9.526373863,-4.03807354,0.3481481671,4.068789959,5.243824959,5.996187687,0.3077412248,7.748121738,11.79400444,8.947601318,0.288621217,9.183264765,2.168958407,0.8739888503,0.01930336107,0.4551722472,0.1720114864,0.01779618805,0.003070122789,0.04808172723,0.01010929003,0.02035982122,3.47E-03,4.222500324,0.6714306474,1.983500004,1.047207475,1.198166609,0.2499999255,-0.01716669463,1.54341042,0.1534999311,0.6330096126,-0.1408332735,1.291790605,0.2655000091,1.098137736,1.343999743,0.6485713124,1.028166533,0.5189347267,0.06716671586,1.348779917,0.4896667302,0.5889317393,0.1126666442,1.175470948,0.2701666653,1.327429652,1.2578336,0.6936029196,1.034666538,0.7413786054,3.513124466,0.150434196,1.282399893,0.7056031823,1.150909305,0.1460458487,365.8478699,3.735566616,350.8379822,5.089201927,350.0704041,2.242151976,2.099999905,1.052840948,-9.050000191,2.020446301,-8.266666412,1.205449104
28,2017-09-14/06:35:50,2017-09-14/06:55:50,2017-09-14/07:46:00,2017-09-14/08:06:00,,0,Duskside,1,2017-09-14/07:05:50,2017-09-14/07:36:00,,-6.401075775,20.17242511,4.190385805,19.71268606,-5.991332909,21.57451831,19.27821085,23.0286178,2.110292196,7.016688824,-8.673183441,3.819180965,-3.923486233,7.81801033,7.555310726,2.562088251,-0.8532593846,9.109122276,4.279353142,2.014635086,5.651694775,2.375763518,1.536351399,1.952552026,0.2820317881,0.1639514756,0.05565590138,0.1062619186,0.04497366455,0.0151748618,0.02045835242,0.01384503514,4.110678196,0.4487294853,3.899152279,0.4914029539,3.411636353,0.9058999419,-0.9905083179,0.7125293016,-3.836270332,0.5020265579,-3.713272572,0.2950082123,-2.137966156,0.5769233704,-2.70152545,1.125731707,-4.075818539,1.017676592,-1.869660974,0.8420581818,-4.626440525,0.5387462378,-4.992181778,0.3068218231,-1.442542076,0.3307702243,-0.8049153686,1.087725401,-2.323454618,1.055688739,2.21462965,0.1711968184,2.417233944,0.2100072652,2.764857054,0.1599700302,337.1407471,4.252036572,344.9127197,2.656300068,357.2513733,8.514985085,-2.099999905,1.724204659,-0.3333333433,0.7516459823,0.5333333611,1.523450851
29,2017-09-14/09:49:00,2017-09-14/10:09:00,2017-09-14/08:31:20,2017-09-14/08:51:20,,0,Duskside,0,2017-09-14/09:39:00,2017-09-14/09:01:20,,-7.421524437,20.93391966,4.622894502,20.16106415,-7.289145241,22.68654163,19.33768903,25.31576506,0.3739854395,7.330172539,-9.344257355,2.269156456,-0.7312173843,7.663441658,8.810805321,1.572069168,-3.153036594,6.944835663,2.717156887,0.954216361,10.09838243,1.351125848,0.4459388095,0.07566111435,0.578590649,0.1878401841,0.005750748004,0.00183935314,0.0572382337,0.01699063177,0.01332714281,0.004963765217,3.599181175,0.4958941042,3.348135471,0.4113454521,3.919482231,0.2376376539,-0.7919670939,1.264315128,0.9067795873,0.9988431931,-0.3913793266,0.3764909208,-0.2340984046,0.372117281,-0.7927116156,0.6929443479,-1.676206946,0.3267963827,-0.7967212796,1.230279922,0.3752542138,1.177975178,-1.149654865,0.4365493357,0.2172130644,0.4722644687,-1.148813844,0.2778121531,-1.28051734,0.2443568259,2.097999811,0.5334284902,1.778928757,0.1204790175,1.977673769,0.1019065231,338.9145508,5.738705158,333.7785645,2.42132473,331.825592,1.809642076,-2.459016323,3.036301374,-3.655737638,0.8541125655,-4.245901585,0.90656358
30,2017-08-31/03:38:40,2017-08-31/03:58:40,2017-08-31/01:24:00,2017-08-31/01:44:00,,1,Duskside,0,2017-08-31/03:28:40,2017-08-31/01:54:00,,-9.036639088,17.0915891,3.336460436,17.26624622,-2.265198159,19.61925671,19.84396481,19.84980568,12.58490944,2.221763611,-1.180846214,1.697756886,-4.711379528,1.26133585,2.165418386,1.928086758,3.320478678,1.616779685,7.37334156,0.891058445,9.975600098,0.5930785471,0.7455054327,0.02945091373,0.2595643552,0.08644737263,0.0163045761,0.002162988692,0.02567310491,0.007409742093,0.02190482642,3.07E-03,6.929999828,0.6608315706,4.508166313,0.9261866808,2.798702955,0.3549118936,-5.64116621,0.61462152,-4.080999851,1.576300979,-1.763148189,0.3978661299,0.751999855,1.422529101,0.8128333688,0.4981358349,0.1849999428,0.3310916722,-5.171999454,0.8280316591,-3.716833353,1.430315256,-1.669814944,0.4241728485,2.404167175,1.255093217,1.871500015,0.8291875124,0.5998148322,0.2860827744,3.141321182,0.6991314292,2.969824314,1.311340094,1.792825937,0.1136204898,380.7453613,4.113886356,361.1665955,12.63038349,361.1390991,4.658444881,12.86666679,1.466769457,10,6.441391468,2.333333254,0.4753827751